timestamp,1-2,2-3,2-28,3-4,4-5,4-16,5-4,5-6,5-8,6-5,6-7,7-6,7-9,7-10,8-9,8-14,9-7,9-10,9-13,10-7,10-11,11-10,11-19,12-18,13-9,13-14,13-12,13-17,14-8,14-13,14-16,15-21,15-29,16-4,16-15,16-14,16-17,17-13,17-16,17-18,17-21,18-17,18-19,19-18,19-11,19-20,20-19,20-21,20-23,21-15,21-17,21-20,21-22,22-21,22-24,22-29,23-20,23-22,23-25,25-23,25-26,24-22,24-25,24-27,26-27,26-25,27-26,27-30,28-24,28-2,29-28,29-3,30-1,30-27
2020-03-01 04:00:00,8,12,17,25,10,16,15,21,6,16,10,9,12,11,21,20,16,19,18,13,19,19,52,53,20,20,25,27,18,23,20,32,48,21,11,17,13,23,16,9,29,10,4,4,47,30,31,22,14,40,33,19,43,132,75,25,16,24,8,9,14,34,19,49,13,118,13,22,26,38,18,19,14,16
2020-03-02 11:00:00,15,20,28,42,22,36,26,40,9,33,22,28,15,24,26,20,20,37,22,28,45,39,62,53,23,20,25,32,18,23,20,32,48,50,13,17,25,29,29,19,38,17,8,6,53,30,33,22,20,40,29,19,53,146,91,36,20,28,15,16,28,33,22,75,26,137,23,41,31,38,18,32,23,33
2020-03-02 12:00:00,15,20,20,39,21,35,28,37,8,33,19,28,15,24,30,20,21,33,22,26,47,44,63,53,28,20,25,32,18,23,20,32,48,46,13,17,27,27,29,19,41,16,8,6,54,31,34,22,20,40,62,19,41,152,95,32,20,24,15,15,28,34,22,74,24,128,23,39,39,38,18,37,20,30
2020-03-02 13:00:00,14,19,33,37,23,34,24,40,8,29,22,25,15,27,24,20,20,29,21,28,49,41,62,53,25,20,25,29,18,23,20,32,48,50,13,17,30,29,30,19,35,17,8,6,51,30,33,22,23,40,55,19,44,153,97,34,20,27,17,15,28,34,25,77,24,135,22,40,39,38,18,30,21,32
2020-03-02 14:00:00,13,18,22,40,24,32,28,47,8,35,20,28,12,26,26,20,24,29,20,28,51,42,64,53,28,20,25,30,18,23,20,32,48,67,15,17,24,29,32,19,29,18,8,6,53,31,34,22,21,40,33,19,48,178,106,37,22,22,13,17,26,50,25,75,23,137,22,38,44,38,18,34,20,30
2020-03-02 15:00:00,15,20,31,45,24,32,26,51,8,29,20,31,14,26,23,20,26,33,21,32,51,45,77,53,28,20,25,32,18,23,20,32,48,66,14,17,25,27,33,20,27,19,8,6,61,31,41,22,22,40,35,19,45,151,96,37,21,25,17,15,33,33,23,82,26,138,29,40,34,38,18,37,22,35
2020-03-02 16:00:00,15,20,28,47,26,36,30,51,9,35,22,34,17,28,29,20,30,33,23,36,61,49,72,53,31,20,25,34,18,23,20,32,48,67,15,17,25,29,35,20,33,18,8,7,56,28,36,22,20,40,31,19,74,158,101,48,22,26,15,17,29,36,19,73,25,140,29,43,29,38,18,40,23,36
2020-03-02 17:00:00,13,18,23,41,23,34,24,51,9,35,22,28,16,26,29,20,24,33,22,34,48,45,60,53,25,20,25,34,18,23,20,32,48,61,14,17,24,29,32,18,38,17,8,6,55,30,36,22,21,40,35,19,59,142,83,31,21,24,13,15,28,36,22,75,26,140,20,45,28,38,18,32,24,31
2020-03-02 18:00:00,12,17,21,35,19,29,23,35,9,28,20,25,13,28,27,20,20,31,21,26,42,37,60,53,23,20,25,30,18,23,20,32,48,43,12,17,22,30,29,17,33,17,8,6,47,28,31,22,22,40,45,19,53,170,94,36,22,26,15,16,26,54,20,70,22,137,20,37,34,38,18,27,22,27
2020-03-02 19:00:00,12,16,19,32,16,26,19,31,8,28,15,19,12,21,26,20,13,28,17,26,36,32,51,53,19,20,25,27,18,23,20,32,48,35,12,17,20,23,24,15,41,15,6,5,51,31,31,22,23,40,55,19,73,134,82,36,21,28,15,15,26,30,29,82,27,137,19,38,22,38,18,27,19,23
2020-03-02 20:00:00,11,14,21,30,14,26,21,29,7,28,16,18,10,22,22,20,13,29,16,22,29,31,47,53,16,20,25,25,18,23,20,32,48,30,12,17,22,22,23,15,29,15,5,5,40,26,23,22,19,40,33,19,89,146,93,40,22,25,13,13,26,31,18,67,21,122,17,31,29,38,18,34,19,26
2020-03-02 21:00:00,10,13,22,27,13,22,19,27,6,25,17,17,11,19,22,20,11,25,16,19,26,23,40,53,18,20,25,23,18,23,20,32,48,30,12,17,19,22,21,13,29,13,5,5,31,24,31,22,19,40,33,19,75,160,104,51,15,35,15,12,24,36,19,65,20,124,18,28,28,38,18,27,19,24
2020-03-02 08:00:00,12,18,31,36,19,31,28,40,8,33,20,34,15,24,24,20,24,32,21,39,45,42,57,53,25,20,25,32,18,23,20,32,48,55,13,17,24,29,29,18,33,17,7,6,50,27,33,22,21,40,49,19,63,178,103,34,19,28,14,12,29,54,25,77,22,129,20,38,44,38,18,26,21,29
2020-03-02 09:30:00,14,19,24,39,22,32,28,43,8,35,22,31,13,27,24,20,21,28,21,32,43,39,58,53,25,20,25,29,18,23,20,32,48,66,14,17,26,27,30,19,35,17,8,6,53,27,33,22,19,40,33,19,73,144,88,32,19,25,14,14,29,34,19,73,25,130,20,41,31,38,18,32,21,32
2020-03-03 10:00:00,16,20,24,39,22,34,28,43,9,31,20,25,13,24,27,20,20,31,19,26,44,36,55,53,25,20,25,29,18,23,20,32,48,60,14,17,26,27,32,19,41,16,7,6,51,30,30,22,20,40,31,19,44,131,81,28,20,29,15,15,28,28,20,73,25,137,22,42,28,38,18,32,24,32
2020-03-03 10:30:00,15,20,24,40,23,36,28,43,9,33,20,28,12,26,27,20,21,31,20,28,44,41,56,53,23,20,25,32,18,23,20,32,48,60,14,17,27,29,33,18,41,17,7,6,53,28,33,22,20,40,45,19,64,145,95,40,22,32,15,15,28,29,20,76,29,148,23,47,31,38,18,32,25,32
2020-03-03 11:00:00,17,22,24,40,22,36,23,40,8,29,20,28,13,24,24,20,20,31,21,27,45,44,59,53,23,20,25,32,18,23,20,32,48,55,13,17,29,30,32,18,38,17,8,6,53,30,34,22,23,40,38,19,64,143,92,40,21,30,16,16,29,29,20,77,27,140,23,42,28,38,18,34,23,34
2020-03-03 11:30:00,17,22,28,40,22,32,24,40,8,33,19,25,14,26,26,20,18,30,22,30,47,46,59,53,25,20,25,32,18,23,20,32,48,50,13,17,26,27,30,18,35,17,8,6,52,33,33,22,23,40,33,19,53,137,85,34,22,27,15,15,29,30,19,74,26,142,23,42,27,38,18,32,23,35
2020-03-03 12:00:00,16,22,31,39,21,29,24,37,8,33,20,28,13,27,24,20,18,29,21,27,46,44,59,53,22,20,25,32,18,23,20,32,48,50,13,17,25,27,29,19,35,16,8,6,52,30,33,22,20,40,33,19,43,139,86,36,21,27,14,15,29,32,25,81,27,136,20,43,26,38,18,32,23,31
2020-03-03 12:30:00,16,22,26,41,21,32,23,37,9,29,22,28,12,27,26,20,21,30,20,30,51,44,59,53,21,20,25,30,18,23,20,32,48,54,13,17,25,26,32,19,29,16,8,6,52,28,34,22,19,40,41,19,45,148,91,37,20,30,13,17,26,35,22,76,28,141,20,41,29,38,18,40,22,31
2020-03-03 13:00:00,15,20,24,37,22,29,26,40,8,31,23,25,15,28,24,20,21,33,22,30,51,44,58,53,22,20,25,29,18,23,20,32,48,50,13,17,24,25,33,19,33,17,7,6,54,30,34,22,19,40,71,19,80,143,87,36,20,30,13,17,28,34,20,75,27,144,20,42,27,38,18,34,22,30
2020-03-03 13:30:00,14,19,23,38,23,29,26,47,8,33,22,28,16,28,24,20,20,31,22,28,49,41,62,53,22,20,25,30,18,23,20,32,48,50,13,17,25,26,32,19,38,17,8,6,51,30,33,22,21,40,33,19,73,156,88,32,22,28,13,16,28,46,23,78,27,149,22,42,31,38,18,32,22,32
2020-03-03 14:00:00,14,18,25,38,23,32,26,43,8,33,22,31,15,28,26,20,21,33,22,30,51,42,66,53,25,20,25,36,18,23,20,32,48,55,13,17,25,27,32,20,33,17,8,6,53,31,34,22,22,40,33,19,50,139,82,28,20,23,15,16,29,34,25,80,26,139,23,42,29,38,18,27,20,30
2020-03-03 14:30:00,14,19,25,40,24,34,24,43,9,33,20,31,14,28,27,20,24,33,22,34,55,46,65,53,27,20,25,36,18,23,20,32,48,67,14,17,26,27,35,22,31,17,9,6,55,30,36,22,21,40,33,19,50,141,85,28,20,23,15,17,28,33,23,78,27,139,26,44,32,38,18,29,25,34
2020-03-03 15:00:00,13,18,26,42,26,32,28,43,9,37,22,34,15,28,27,20,26,35,23,42,61,52,73,53,28,20,25,36,18,23,20,32,48,75,15,17,27,26,37,20,33,19,8,6,55,30,36,22,20,40,38,19,89,155,96,37,23,25,16,16,29,37,25,81,27,139,29,41,34,38,18,34,22,38
2020-03-03 15:30:00,15,20,24,51,28,32,28,47,9,33,23,38,14,28,27,20,30,37,21,49,55,52,71,53,33,20,25,34,18,23,20,32,48,75,15,17,25,29,37,20,41,19,8,7,60,30,38,22,21,40,45,19,69,158,103,48,22,26,17,15,29,35,23,78,26,140,31,41,31,38,18,37,23,39
2020-03-03 16:00:00,15,22,26,52,28,32,28,47,9,37,23,44,15,27,30,20,34,35,21,49,53,56,70,53,33,20,25,34,18,23,20,32,48,75,15,17,25,30,37,20,35,19,9,7,61,31,36,22,22,40,31,19,48,150,96,37,22,26,15,14,31,32,22,79,26,144,26,42,34,38,18,34,22,36
2020-03-03 16:30:00,15,22,29,51,28,32,28,51,9,35,22,38,15,28,29,20,30,35,22,49,51,51,65,53,33,20,25,36,18,23,20,32,48,86,16,17,26,32,40,20,38,19,8,7,60,30,38,22,21,40,38,19,41,152,95,34,22,23,14,15,29,35,22,78,27,143,25,42,36,38,18,37,23,34
2020-03-03 17:00:00,15,20,28,45,28,32,30,47,8,35,20,38,16,34,29,20,30,34,25,45,49,47,59,53,36,20,25,39,18,23,20,32,48,86,15,17,25,34,40,19,35,19,8,7,57,28,36,22,21,40,41,19,51,155,96,37,21,26,14,18,29,37,23,79,27,141,23,39,34,38,18,37,22,30
2020-03-03 17:30:00,13,19,22,40,23,31,30,43,8,33,20,31,15,28,29,20,26,32,21,34,45,43,58,53,28,20,25,32,18,23,20,32,48,60,14,17,24,29,32,18,33,16,8,6,53,31,34,22,22,40,41,19,51,158,103,40,22,27,15,19,29,34,26,83,27,141,20,39,39,38,18,34,20,29
2020-03-03 18:00:00,12,18,22,36,19,32,26,40,8,29,18,25,13,27,26,20,20,31,20,28,44,40,59,53,22,20,25,29,18,23,20,32,48,50,13,17,23,29,27,18,38,16,8,6,49,30,34,22,20,40,45,19,53,139,88,36,24,26,15,20,26,29,22,74,26,138,19,39,28,38,18,32,20,29
2020-03-03 18:30:00,12,17,23,34,19,29,24,37,8,28,19,23,12,24,22,20,17,30,21,26,44,37,59,53,21,20,25,29,18,23,20,32,48,38,13,17,22,27,24,16,27,14,7,5,48,28,34,22,19,40,33,19,45,143,90,40,24,26,14,16,24,32,17,66,26,135,18,43,26,38,18,30,21,27
2020-03-03 19:00:00,13,18,23,32,17,26,23,31,8,27,17,19,12,21,24,20,15,28,20,23,37,35,51,53,20,20,25,30,18,23,20,32,48,35,12,17,21,27,23,15,29,15,6,5,45,30,31,22,20,40,29,19,51,138,86,40,20,25,14,16,23,31,17,65,26,133,18,41,22,38,18,26,23,26
2020-03-03 19:30:00,12,16,18,30,16,26,23,29,7,27,15,18,10,20,23,20,17,29,16,21,30,29,44,53,22,20,25,25,18,23,20,32,48,32,12,17,21,23,23,13,35,14,6,5,43,28,36,22,29,40,33,19,48,137,82,37,20,25,12,14,23,33,13,60,24,118,17,37,20,38,18,24,21,25
2020-03-03 20:00:00,11,14,22,30,15,24,21,29,7,27,15,19,12,19,26,20,16,27,18,20,29,30,44,53,23,20,25,25,18,23,20,32,48,29,12,17,19,23,24,13,35,13,5,5,40,24,26,22,18,40,33,19,44,133,79,36,17,26,12,10,26,33,10,58,21,121,17,30,18,38,18,27,19,25
2020-03-03 20:30:00,9,13,22,29,14,23,22,29,7,27,15,20,12,20,23,20,16,27,18,19,28,27,45,53,25,20,25,25,18,23,20,32,48,29,12,17,20,25,21,14,41,13,6,5,40,30,25,22,17,40,45,19,45,149,94,42,17,24,12,11,24,33,19,65,20,130,17,30,28,38,18,26,18,24
2020-03-03 21:00:00,9,13,18,28,14,24,21,27,9,25,15,16,12,19,22,20,12,28,18,19,27,24,48,53,18,20,25,26,18,23,20,32,48,28,11,17,22,22,18,15,45,13,5,5,38,25,27,22,17,40,33,19,45,151,95,45,17,23,12,12,25,35,19,67,20,145,14,31,26,38,18,22,19,22
2020-03-03 21:30:00,10,13,15,27,13,24,19,25,6,19,14,16,12,21,21,20,11,25,18,19,28,24,44,53,17,20,25,19,18,23,20,32,48,26,12,17,22,22,19,13,29,12,6,5,40,22,34,22,19,40,33,19,47,169,112,65,20,26,11,12,22,37,17,61,21,124,17,32,23,38,18,24,19,25
2020-03-03 22:00:00,10,12,17,26,13,20,15,22,5,23,13,18,15,18,26,20,16,21,16,15,23,23,44,53,16,20,25,27,18,23,20,32,48,33,11,17,17,19,18,12,29,11,5,4,33,25,22,22,16,40,33,19,46,150,94,51,18,26,12,11,25,36,13,58,18,109,15,28,18,38,18,34,18,23
2020-03-03 22:30:00,9,11,14,22,11,19,13,22,5,19,11,18,12,16,29,20,16,28,18,14,21,21,41,53,16,20,25,27,18,23,20,32,48,20,11,17,18,23,18,11,29,10,5,4,33,22,17,22,15,40,33,19,45,143,87,42,15,25,13,9,21,35,19,61,18,117,15,28,20,38,18,74,18,21
2020-03-03 04:00:00,12,13,22,28,10,27,22,23,7,25,16,14,12,21,23,20,12,26,18,19,23,33,38,53,13,20,25,27,18,23,20,32,48,18,11,17,22,23,19,15,29,11,6,4,45,25,31,22,18,40,33,19,44,143,86,34,19,24,12,10,25,34,19,67,21,122,13,33,28,38,18,29,18,22
2020-03-03 04:30:00,13,15,22,25,10,26,22,33,7,25,16,15,12,21,23,20,11,29,18,16,27,32,33,53,15,20,25,27,18,23,20,32,48,41,13,17,22,19,32,13,29,14,8,5,44,41,31,22,15,40,33,19,44,143,86,34,19,24,11,11,22,34,19,64,21,143,17,31,28,38,18,29,19,30
2020-03-03 05:00:00,13,16,25,28,14,25,22,27,7,16,16,19,12,21,23,20,13,29,16,18,29,30,44,53,16,20,25,22,18,23,20,32,48,43,13,17,19,20,27,13,29,15,6,5,37,20,41,22,16,40,38,19,45,149,92,40,16,32,12,12,23,35,19,66,23,130,19,33,28,38,18,32,19,31
2020-03-03 05:30:00,13,18,23,30,15,27,21,29,8,25,16,22,10,21,26,20,16,27,16,28,39,35,50,53,18,20,25,26,18,23,20,32,48,40,12,17,20,23,23,15,29,17,7,5,46,22,28,22,17,40,41,19,44,143,86,32,18,25,11,17,26,34,17,69,25,148,18,39,29,38,18,27,21,29
2020-03-03 06:00:00,13,18,22,34,18,27,22,35,9,31,18,31,12,27,29,20,24,34,17,42,50,52,60,53,20,20,25,27,18,23,20,32,48,50,13,17,22,26,27,16,38,18,7,6,53,25,36,22,19,40,49,19,44,140,86,31,21,25,13,15,28,31,22,75,26,133,23,45,31,38,18,29,22,33
2020-03-03 06:30:00,14,22,26,43,24,34,26,47,9,33,22,34,15,34,29,20,26,34,20,54,64,82,74,53,25,20,25,34,18,23,20,32,48,60,14,17,27,29,32,19,45,19,8,7,64,27,44,22,22,40,41,19,44,147,95,32,24,27,16,15,31,29,25,83,28,137,25,44,39,38,18,30,23,34
2020-03-03 07:00:00,14,20,28,42,26,36,30,47,9,35,23,38,17,34,27,20,30,33,22,54,64,78,74,53,31,20,25,36,18,23,20,32,48,66,14,17,27,30,35,20,41,20,8,7,63,30,41,22,23,40,33,19,53,143,93,32,24,25,19,16,36,27,29,91,27,143,29,40,36,38,18,32,22,34
2020-03-03 07:30:00,13,20,26,39,23,34,26,43,8,31,22,38,16,28,24,20,30,31,21,49,50,54,67,53,31,20,25,32,18,23,20,32,48,60,14,17,24,29,33,19,33,19,8,7,56,30,33,22,22,40,26,19,44,156,93,34,22,25,15,13,29,42,25,80,26,137,25,39,34,38,18,32,21,32
2020-03-03 08:00:00,13,19,32,36,21,31,24,40,8,35,20,34,14,26,26,20,26,30,20,42,46,47,59,53,28,20,25,32,18,23,20,32,48,60,14,17,24,27,32,18,31,18,8,6,53,27,33,22,21,40,24,19,46,163,99,36,19,27,13,13,28,42,29,80,23,136,20,38,39,38,18,30,21,31
2020-03-03 08:30:00,13,19,28,37,19,32,24,37,8,29,19,31,14,26,26,20,21,31,20,30,43,41,55,53,27,20,25,30,18,23,20,32,48,46,13,17,23,29,29,18,29,17,8,6,51,26,31,22,19,40,33,19,80,170,101,36,19,32,13,13,28,47,22,72,23,132,20,39,41,38,18,40,22,30
2020-03-03 09:00:00,13,18,29,36,19,32,26,37,8,31,19,28,13,26,24,20,20,30,19,28,44,40,59,53,25,20,25,30,18,23,20,32,48,50,13,17,23,29,29,18,26,18,8,6,50,27,33,22,19,40,33,19,49,180,108,45,20,29,15,15,28,51,22,74,25,138,20,42,39,38,18,40,23,31
2020-03-03 09:30:00,15,20,29,38,21,36,30,40,8,29,19,28,12,27,24,20,21,28,19,27,44,37,59,53,25,20,25,29,18,23,20,32,48,54,13,17,26,26,30,18,33,16,7,6,52,28,30,22,20,40,33,19,48,142,85,28,22,25,15,15,28,34,20,74,26,138,22,42,32,38,18,23,23,33
2020-03-04 10:00:00,15,20,27,40,21,29,24,40,8,28,20,25,12,26,27,20,20,28,20,28,43,38,58,53,23,20,25,29,18,23,20,32,48,60,14,17,25,26,32,18,35,17,7,6,53,28,34,22,20,40,62,19,45,159,90,37,20,30,14,15,28,47,23,78,27,140,20,42,28,38,18,30,22,32
2020-03-04 11:00:00,15,20,25,39,23,32,24,43,11,33,19,31,14,26,29,20,21,30,21,28,47,41,59,53,25,20,25,29,18,23,20,32,48,54,13,17,26,26,29,18,33,16,7,6,52,28,33,22,19,40,33,19,48,146,91,37,20,27,13,13,26,33,19,71,25,130,20,41,29,38,18,29,23,31
2020-03-04 12:00:00,15,20,24,38,22,32,24,43,8,37,19,28,14,26,26,20,20,30,20,30,50,43,61,53,23,20,25,30,18,23,20,32,48,50,13,17,25,27,32,19,26,16,7,6,53,28,33,22,21,40,33,19,44,149,85,32,22,24,13,15,26,42,22,75,27,134,23,40,28,38,18,29,20,30
2020-03-04 13:00:00,13,19,26,41,22,31,24,43,8,37,20,31,14,27,26,20,21,30,20,32,53,42,61,53,25,20,25,32,18,23,20,32,48,46,13,17,27,26,27,19,45,16,8,6,54,33,38,22,22,40,33,19,64,151,95,40,22,26,18,17,31,35,29,85,25,144,22,39,31,38,18,37,22,30
2020-03-04 14:00:00,13,18,36,39,24,31,24,43,9,31,22,31,12,28,26,20,24,35,18,32,53,45,66,53,27,20,25,30,18,23,20,32,48,60,13,17,25,26,29,19,33,16,8,6,53,33,36,22,20,40,71,19,49,163,105,42,22,25,15,15,29,36,25,80,26,142,25,42,39,38,18,34,22,32
2020-03-04 15:00:00,14,20,23,45,28,34,26,51,10,31,22,34,15,34,30,20,24,35,23,39,59,48,64,53,22,20,25,36,18,23,20,32,48,60,14,17,27,27,33,20,29,18,8,7,60,33,41,22,23,40,24,19,46,142,88,34,22,24,15,13,29,32,20,74,23,137,34,39,29,38,18,30,22,39
2020-03-04 16:00:00,16,23,27,52,30,38,30,51,9,37,23,38,16,30,29,20,30,34,25,45,58,57,68,53,28,20,25,39,18,23,20,32,48,75,14,17,27,30,33,20,49,19,8,7,60,30,38,22,22,40,33,19,43,153,93,37,22,26,15,15,31,38,22,79,26,142,31,43,31,38,18,37,21,42
2020-03-04 17:00:00,15,20,24,49,28,36,28,47,9,40,23,38,17,28,27,20,30,33,23,49,50,48,64,53,31,20,25,34,18,23,20,32,48,75,15,17,27,30,37,18,38,18,8,6,54,28,38,22,20,40,49,19,59,159,99,36,22,28,16,15,29,38,26,83,28,138,22,45,39,38,18,34,24,31
2020-03-04 18:00:00,12,18,28,37,21,31,26,40,8,35,20,28,14,26,27,20,18,31,21,30,45,40,57,53,23,20,25,30,18,23,20,32,48,55,14,17,22,27,33,16,38,16,7,6,50,25,27,22,20,40,49,19,48,143,91,34,21,27,14,15,26,30,22,73,25,132,22,40,32,38,18,32,21,31
2020-03-04 19:00:00,12,17,19,33,17,28,23,35,8,29,17,22,12,26,26,20,16,34,18,24,36,31,56,53,22,20,25,25,18,23,20,32,48,35,12,17,22,26,23,15,31,15,6,6,44,25,30,22,20,40,55,19,53,157,100,40,21,27,13,14,24,35,22,70,24,138,18,40,36,38,18,32,22,29
2020-03-04 20:00:00,11,14,17,30,16,30,22,28,6,28,15,17,10,18,21,20,15,27,17,21,29,28,47,53,18,20,25,25,18,23,20,32,48,33,12,17,20,26,22,15,38,14,6,5,45,25,30,22,17,40,33,19,45,154,82,37,22,24,13,15,25,50,13,59,20,120,18,37,20,38,18,32,19,27
2020-03-04 21:00:00,9,13,36,27,14,21,21,27,7,24,15,17,10,20,21,20,12,25,17,20,27,27,44,53,17,20,25,23,18,23,20,32,48,30,12,17,18,22,21,13,41,13,6,5,39,27,31,22,19,40,33,19,44,143,87,30,20,20,11,15,23,34,17,62,20,130,15,31,32,38,18,26,20,24
2020-03-04 04:00:00,9,14,22,22,13,27,22,23,7,25,13,16,12,16,22,20,16,22,18,14,23,19,36,53,20,20,25,27,18,23,20,32,48,39,11,17,22,23,20,9,29,13,3,4,47,22,31,22,13,40,33,19,44,143,86,34,19,24,12,11,25,34,19,70,25,124,15,34,28,38,18,29,18,20
2020-03-04 05:00:00,12,15,16,26,12,23,19,28,11,16,14,20,8,21,52,20,12,26,13,19,30,32,42,53,16,20,25,32,18,23,20,32,48,35,12,17,18,19,23,15,29,15,5,5,42,25,30,22,14,40,33,19,44,140,84,34,17,39,10,15,36,34,41,98,20,122,20,31,26,38,18,27,17,30
2020-03-04 06:00:00,12,18,23,33,17,28,19,37,8,25,17,28,13,21,27,20,26,34,17,32,51,47,59,53,22,20,25,29,18,23,20,32,48,43,12,17,22,25,26,15,26,18,7,6,49,27,31,22,21,40,35,19,44,159,88,32,20,22,13,15,29,50,23,78,26,128,20,43,31,38,18,23,21,28
2020-03-04 07:00:00,14,19,24,41,23,32,24,43,8,29,22,38,18,32,27,20,30,35,23,49,59,73,79,53,28,20,25,36,18,23,20,32,48,60,14,17,25,32,32,19,33,19,7,6,65,30,34,22,23,40,41,19,48,155,94,37,22,30,16,16,31,38,22,80,28,143,26,45,32,38,18,32,23,36
2020-03-04 08:00:00,12,18,26,36,19,31,26,40,8,33,19,34,14,22,26,20,26,33,20,32,43,43,56,53,27,20,25,30,18,23,20,32,48,50,13,17,27,27,30,18,38,17,8,6,51,26,31,22,19,40,29,19,44,157,95,34,19,27,13,13,26,40,20,72,24,137,25,38,36,38,18,40,22,35
2020-03-04 09:00:00,13,20,26,39,21,32,28,40,8,29,19,34,14,23,27,20,20,30,20,32,44,43,59,53,23,20,25,29,18,23,20,32,48,61,14,17,27,25,30,18,33,16,7,5,51,30,36,22,24,40,31,19,44,147,91,34,19,24,16,13,29,34,20,76,25,140,20,40,32,38,18,29,22,29
2020-03-04 09:30:00,14,19,26,40,19,31,26,37,8,31,19,28,13,27,27,20,20,31,21,32,44,39,57,53,22,20,25,29,18,23,20,32,48,66,14,17,24,26,30,17,31,16,6,6,53,27,33,22,21,40,27,19,45,145,90,37,19,27,15,15,29,34,25,82,28,138,19,42,28,38,18,37,22,31
2020-03-05 10:00:00,16,20,25,38,22,32,28,43,8,35,20,28,15,28,26,20,20,30,20,28,43,40,58,53,22,20,25,30,18,23,20,32,48,55,14,17,24,26,33,19,49,17,8,6,57,28,30,22,20,40,38,19,56,147,91,36,20,34,15,15,28,34,22,79,31,144,20,47,31,38,18,40,23,31
2020-03-05 10:30:00,16,20,24,39,24,33,30,43,11,29,20,28,13,30,29,20,20,31,19,28,45,41,57,53,23,20,25,30,18,23,20,32,48,55,13,17,26,27,32,19,45,16,7,6,57,30,33,22,20,40,49,19,48,151,89,36,21,30,15,16,28,40,23,79,28,138,20,45,29,38,18,29,25,31
2020-03-05 11:00:00,15,20,23,41,23,34,28,43,11,33,22,28,14,28,29,20,20,37,20,28,49,43,61,53,23,20,25,30,18,23,20,32,48,55,13,17,27,26,32,18,33,17,7,6,58,31,34,22,21,40,29,19,46,150,88,34,21,25,15,15,26,40,23,74,24,136,20,41,29,38,18,27,23,33
2020-03-05 11:30:00,14,19,25,41,24,34,26,43,9,31,20,28,14,26,27,20,21,33,20,27,47,45,62,53,23,20,25,32,18,23,20,32,48,61,14,17,27,27,27,19,38,15,8,6,55,31,34,22,20,40,33,19,63,148,86,34,20,25,15,17,29,40,25,80,25,138,22,38,28,38,18,30,22,30
2020-03-05 12:00:00,13,18,25,40,22,32,28,40,8,35,20,28,14,26,26,20,21,30,20,27,50,43,64,53,23,20,25,30,18,23,20,32,48,55,13,17,27,27,27,19,41,16,8,6,50,31,33,22,20,40,20,19,53,155,91,34,20,25,15,15,31,42,23,81,27,136,20,39,32,38,18,32,21,30
2020-03-05 12:30:00,15,20,26,40,23,31,28,43,8,33,20,28,13,27,23,20,21,30,20,30,51,43,65,53,27,20,25,29,18,23,20,32,48,50,13,17,26,25,30,19,38,18,8,6,53,28,36,22,20,40,38,19,43,151,94,37,20,24,15,17,29,35,26,82,26,139,22,39,32,38,18,32,21,31
2020-03-05 13:00:00,15,20,25,41,24,32,26,43,8,35,20,28,12,27,26,20,21,31,20,30,50,46,64,53,23,20,25,30,18,23,20,32,48,50,13,17,25,26,30,19,31,17,7,6,54,28,38,22,20,40,31,19,42,154,101,42,23,27,15,18,29,32,26,80,25,137,23,40,34,38,18,30,21,32
2020-03-05 13:30:00,14,18,24,41,24,31,24,43,8,33,20,31,15,27,26,20,21,31,21,30,49,44,67,53,25,20,25,32,18,23,20,32,48,54,13,17,25,26,32,19,33,17,8,6,54,30,36,22,19,40,24,19,56,160,103,42,21,30,16,15,31,36,23,79,25,136,23,40,36,38,18,37,20,34
2020-03-05 14:00:00,14,18,24,39,23,31,24,47,8,33,22,31,15,28,27,20,24,32,21,32,52,47,71,53,25,20,25,32,18,23,20,32,48,66,14,17,24,27,33,18,35,18,7,6,58,31,36,22,20,40,23,19,49,160,105,45,22,29,15,15,29,33,23,81,28,145,29,42,36,38,18,43,20,35
2020-03-05 14:30:00,14,18,24,44,24,33,26,47,8,35,22,31,15,30,26,20,21,32,22,34,55,46,72,53,23,20,25,34,18,23,20,32,48,66,14,17,26,27,37,19,45,19,8,6,59,30,41,22,20,40,26,19,50,164,106,51,22,30,15,16,31,37,25,83,27,146,37,43,31,38,18,47,22,42
2020-03-05 15:00:00,14,19,24,45,24,36,26,43,8,35,23,31,16,32,27,20,24,35,22,39,61,50,73,53,27,20,25,39,18,23,20,32,48,67,15,17,29,30,37,20,41,20,9,7,58,31,44,22,22,40,55,19,51,151,96,42,23,27,17,18,36,34,26,90,28,149,37,40,29,38,18,40,22,46
2020-03-05 15:30:00,15,20,27,45,26,37,28,43,8,33,22,34,17,32,27,20,26,39,22,45,63,50,72,53,31,20,25,34,18,23,20,32,48,86,16,17,29,29,40,22,31,19,10,7,63,33,44,22,22,40,38,19,51,147,93,42,25,27,17,16,36,32,25,88,28,147,37,42,27,38,18,37,23,47
2020-03-05 16:00:00,17,23,25,52,28,36,33,47,9,33,23,38,18,32,29,20,30,40,23,49,61,54,69,53,31,20,25,34,18,23,20,32,48,86,15,17,26,30,35,22,33,18,9,7,62,33,44,22,23,40,45,19,68,148,91,37,22,28,15,17,31,35,25,83,27,143,37,42,29,38,18,34,23,41
2020-03-05 16:30:00,17,24,27,52,28,34,30,51,9,33,23,38,16,32,27,20,30,40,21,49,58,54,68,53,28,20,25,34,18,23,20,32,48,86,16,17,24,30,40,20,35,18,8,7,60,31,36,22,23,40,38,19,68,152,93,37,24,30,15,18,29,37,23,78,26,143,25,42,31,38,18,30,23,36
2020-03-05 17:00:00,15,22,30,47,28,34,30,51,9,35,22,34,15,32,29,20,30,38,21,45,52,49,63,53,27,20,25,34,18,23,20,32,48,75,15,17,24,32,37,19,33,19,8,7,58,30,36,22,22,40,35,19,60,166,97,42,23,27,13,17,28,47,23,77,26,139,22,41,31,38,18,34,22,31
2020-03-05 17:30:00,13,18,32,43,24,33,26,43,9,31,20,31,13,27,27,20,26,33,20,36,46,40,62,53,27,20,25,32,18,23,20,32,48,60,14,17,23,32,35,18,35,18,7,6,58,30,34,22,22,40,41,19,51,169,100,40,22,27,13,16,25,47,20,71,25,138,20,39,36,38,18,30,22,29
2020-03-05 18:00:00,12,18,26,37,21,31,22,40,8,28,20,25,14,26,26,20,20,32,21,30,42,40,57,53,23,20,25,30,18,23,20,32,48,50,13,17,26,27,33,17,38,16,7,6,53,28,33,22,22,40,31,19,74,160,96,42,23,29,14,16,25,42,20,71,25,134,20,36,29,38,18,32,20,29
2020-03-05 18:30:00,12,16,22,37,19,30,24,33,7,28,19,23,13,26,24,20,16,29,22,26,40,35,53,53,19,20,25,30,18,23,20,32,48,38,13,17,25,25,32,15,45,15,6,5,48,27,33,22,21,40,38,19,90,162,100,48,25,31,15,13,28,41,20,73,24,131,18,37,28,38,18,40,20,27
2020-03-05 19:00:00,12,15,23,34,17,28,22,31,8,27,19,20,13,24,24,20,16,33,22,21,37,32,52,53,19,20,25,27,18,23,20,32,48,35,12,17,21,23,25,14,41,15,6,5,48,27,31,22,20,40,55,19,44,161,93,34,23,24,14,18,28,47,19,72,24,128,17,37,34,38,18,34,20,25
2020-03-05 19:30:00,11,15,37,35,17,31,24,29,8,28,18,20,12,21,26,20,16,36,19,21,30,28,49,53,20,20,25,25,18,23,20,32,48,36,12,17,25,23,27,15,38,15,7,6,48,25,33,22,21,40,49,19,43,155,89,34,23,22,13,15,24,44,18,65,22,125,17,35,31,38,18,29,20,23
2020-03-05 20:00:00,11,14,55,33,16,29,24,29,6,29,15,18,10,20,23,20,13,25,16,21,28,27,45,53,21,20,25,25,18,23,20,32,48,34,12,17,22,27,22,15,31,13,7,5,44,30,31,22,25,40,33,19,39,140,84,36,23,23,15,12,23,34,20,66,22,121,16,35,24,38,18,43,20,22
2020-03-05 20:30:00,10,13,26,30,14,30,19,29,6,27,16,18,10,20,20,20,13,25,16,19,29,28,46,53,19,20,25,25,18,23,20,32,48,30,12,17,22,25,20,15,29,12,7,5,44,27,30,22,23,40,33,19,36,162,87,36,19,23,15,13,24,54,17,64,21,123,15,33,27,38,18,43,18,23
2020-03-05 21:00:00,10,14,37,29,15,22,19,28,7,28,15,18,10,18,20,20,13,26,17,21,31,28,45,53,19,20,25,23,18,23,20,32,48,30,12,17,20,29,22,14,20,13,6,5,46,23,28,22,22,40,33,19,44,163,91,34,19,23,13,12,21,50,17,59,18,117,17,26,32,38,18,30,16,24
2020-03-05 21:30:00,10,13,33,28,14,23,21,27,6,27,14,20,10,16,20,20,14,26,16,24,28,27,44,53,19,20,25,26,18,23,20,32,48,29,12,17,19,22,22,13,29,12,5,5,43,23,27,22,18,40,33,19,46,152,96,51,16,28,11,10,21,36,19,61,19,111,18,30,20,38,18,37,18,25
2020-03-05 22:00:00,10,12,26,25,12,18,19,27,5,27,13,18,12,14,18,20,12,24,21,16,24,22,40,53,17,20,25,30,18,23,20,32,48,25,11,17,18,22,18,13,29,11,5,4,40,23,23,22,17,40,33,19,46,162,105,60,15,34,10,11,21,37,19,60,18,110,15,29,21,38,18,20,18,19
2020-03-05 22:30:00,9,12,22,24,12,22,21,25,5,21,13,16,10,14,17,20,11,22,18,15,25,23,42,53,14,20,25,25,18,23,20,32,48,23,11,17,16,21,18,11,17,11,5,4,41,22,26,22,15,40,33,19,44,140,83,31,16,22,9,17,21,34,19,58,16,122,13,26,28,38,18,20,18,18
2020-03-05 04:00:00,9,12,22,23,14,27,22,28,7,16,10,20,12,16,23,20,16,28,18,21,21,21,44,53,20,20,25,27,18,23,20,32,48,23,12,17,22,23,19,15,29,10,6,3,47,22,31,22,19,40,33,19,44,143,86,34,19,24,12,13,25,34,19,67,20,125,13,27,28,38,18,29,17,20
2020-03-05 04:30:00,11,12,22,27,12,27,22,28,7,24,11,16,12,13,23,20,13,29,18,18,23,21,34,53,16,20,25,27,18,23,20,32,48,38,12,17,22,17,26,10,29,13,5,5,47,27,31,22,25,40,33,19,44,143,86,34,19,24,12,13,25,34,19,67,21,123,17,31,28,38,18,29,19,28
2020-03-05 05:00:00,11,15,13,29,12,23,19,28,7,17,11,19,12,16,23,20,14,28,18,16,25,30,39,53,18,20,25,25,18,23,20,32,48,46,13,17,17,22,30,12,29,15,5,5,44,27,31,22,19,40,21,19,44,135,79,26,17,24,12,12,25,34,19,67,21,123,18,34,28,38,18,22,19,29
2020-03-05 05:30:00,12,15,20,29,14,29,21,29,7,27,16,25,10,19,34,20,18,30,16,21,35,35,47,53,22,20,25,27,18,23,20,32,48,46,12,17,20,23,27,16,33,17,6,5,56,22,31,22,17,40,26,19,44,138,81,27,19,24,12,12,26,34,17,70,25,133,17,40,29,38,18,26,21,26
2020-03-05 06:00:00,12,17,23,33,18,28,23,37,9,29,19,31,13,27,27,20,21,36,19,39,50,50,60,53,25,20,25,29,18,23,20,32,48,49,12,17,22,26,27,18,29,18,7,6,53,25,28,22,20,40,35,19,56,146,89,34,19,24,13,15,29,34,20,76,26,132,22,44,31,38,18,34,22,30
2020-03-05 06:30:00,14,19,24,39,23,33,26,47,10,29,22,38,15,34,29,20,30,40,21,54,65,77,69,53,28,20,25,34,18,23,20,32,48,60,14,17,25,32,32,19,35,19,8,7,60,27,36,22,23,40,29,19,50,142,88,34,22,24,16,17,31,32,23,81,28,138,25,43,29,38,18,34,21,34
2020-03-05 07:00:00,14,19,22,38,23,32,24,47,8,29,20,38,16,32,29,20,30,38,21,49,61,72,69,53,28,20,25,34,18,23,20,32,48,67,14,17,24,32,33,19,41,19,8,7,57,27,36,22,22,40,26,19,44,147,93,34,22,24,15,15,33,32,23,83,27,140,26,42,34,38,18,32,20,33
2020-03-05 07:30:00,13,19,23,37,19,29,24,40,8,29,19,38,15,27,26,20,26,33,19,42,49,46,59,53,28,20,25,30,18,23,20,32,48,60,14,17,23,29,32,17,29,19,7,6,50,27,36,22,19,40,24,19,45,159,98,37,22,26,14,15,29,38,22,77,25,138,23,38,36,38,18,29,22,32
2020-03-05 08:00:00,13,18,25,37,19,28,26,40,9,31,20,34,14,24,26,20,24,33,21,36,46,40,59,53,25,20,25,30,18,23,20,32,48,55,14,17,23,27,32,16,55,18,7,6,49,27,33,22,20,40,35,19,74,166,97,42,20,30,13,13,26,47,22,72,23,131,23,40,31,38,18,32,22,31
2020-03-05 08:30:00,13,19,26,37,21,30,26,43,8,33,19,28,15,23,26,20,20,35,19,30,42,38,59,53,22,20,25,29,18,23,20,32,48,54,13,17,24,26,30,17,35,16,7,6,49,30,31,22,20,40,38,19,89,169,97,34,19,25,14,12,28,50,23,76,24,134,22,38,39,38,18,29,22,29
2020-03-05 09:00:00,13,19,24,39,21,31,28,43,10,37,19,31,14,26,27,20,20,35,20,32,44,39,62,53,23,20,25,30,18,23,20,32,48,54,13,17,24,26,32,18,29,17,7,6,50,28,33,22,21,40,49,19,59,153,96,36,20,23,16,13,31,34,25,80,23,134,23,39,36,38,18,30,23,32
2020-03-05 09:30:00,14,19,29,38,19,32,30,40,9,37,20,31,16,28,27,20,21,35,22,32,43,41,61,53,25,20,25,32,18,23,20,32,48,60,14,17,23,26,33,18,62,16,7,6,52,28,33,22,19,40,45,19,51,155,98,40,20,27,15,15,29,35,25,79,25,137,23,40,34,38,18,34,22,33
2020-03-06 10:00:00,15,19,22,38,21,31,28,40,8,37,22,38,16,28,23,20,24,30,22,42,46,39,60,53,23,20,25,30,18,23,20,32,48,75,14,17,24,26,35,18,29,16,7,6,52,28,33,22,21,40,26,19,60,155,98,45,20,31,15,15,29,35,22,77,25,139,23,39,29,38,18,32,23,33
2020-03-06 11:00:00,15,22,28,43,24,32,26,51,8,37,23,34,16,32,27,20,24,33,22,42,55,47,73,53,25,20,25,32,18,23,20,32,48,60,14,17,25,27,33,18,33,17,8,6,52,31,38,22,22,40,31,19,43,147,91,37,20,24,16,19,31,34,26,83,26,146,23,41,29,38,18,29,22,36
2020-03-06 12:00:00,16,22,21,44,26,33,28,51,9,35,25,38,16,32,27,20,30,35,23,45,57,48,71,53,28,20,25,34,18,23,20,32,48,66,14,17,29,29,32,20,33,18,8,7,54,33,41,22,21,40,31,19,43,146,89,34,22,27,15,16,33,34,26,87,27,144,31,42,31,38,18,32,23,41
2020-03-06 13:00:00,15,20,28,42,26,34,24,51,8,35,23,31,16,36,26,20,26,31,22,42,63,56,74,53,27,20,25,34,18,23,20,32,48,54,13,17,26,29,29,20,38,17,9,6,59,28,36,22,22,40,55,19,47,152,98,40,23,27,16,15,33,32,29,86,24,144,34,39,34,38,18,30,21,42
2020-03-06 14:00:00,14,20,29,43,24,36,26,47,8,31,20,34,14,32,26,20,30,30,20,39,52,46,73,53,27,20,25,30,18,23,20,32,48,75,15,17,27,26,35,19,38,16,8,6,54,33,38,22,22,40,33,19,60,155,99,42,22,30,17,17,31,35,23,80,26,142,31,44,32,38,18,37,21,35
2020-03-06 15:00:00,14,19,26,44,24,32,28,43,8,35,20,28,13,26,24,20,26,30,19,32,47,45,64,53,27,20,25,32,18,23,20,32,48,66,14,17,26,29,33,19,31,18,8,6,57,30,36,22,19,40,33,19,46,164,93,34,23,34,15,13,29,50,23,77,25,136,23,40,34,38,18,40,22,31
2020-03-06 16:00:00,13,18,22,43,23,31,26,40,9,31,20,31,14,27,26,20,24,30,20,32,48,41,60,53,27,20,25,30,18,23,20,32,48,66,14,17,24,27,30,18,33,17,7,6,50,30,36,22,20,40,41,19,50,150,94,31,21,24,13,15,26,34,26,77,23,133,19,39,39,38,18,40,22,29
2020-03-06 17:00:00,13,18,23,41,23,31,28,43,8,35,19,31,15,27,26,20,21,34,20,28,44,40,58,53,23,20,25,29,18,23,20,32,48,67,14,17,23,26,30,17,35,17,7,6,50,28,31,22,23,40,41,19,63,159,93,36,22,26,14,16,28,44,23,75,23,137,20,36,32,38,18,29,19,31
2020-03-06 18:00:00,13,18,27,37,19,29,28,35,8,33,19,23,14,27,26,20,18,31,21,27,41,38,53,53,23,20,25,32,18,23,20,32,48,59,13,17,24,26,26,17,41,16,7,6,54,26,34,22,20,40,45,19,63,149,89,37,22,28,13,16,25,38,19,67,22,133,19,36,27,38,18,32,21,28
2020-03-06 19:00:00,12,17,38,34,16,27,23,33,7,27,16,22,12,21,22,20,14,28,19,26,33,34,49,53,20,20,25,27,18,23,20,32,48,35,12,17,22,23,24,15,35,15,6,5,46,26,30,22,21,40,38,19,56,148,94,37,21,26,12,15,25,32,23,73,24,125,17,36,32,38,18,30,20,28
2020-03-06 20:00:00,11,15,18,31,14,26,21,28,6,28,16,19,11,19,21,20,12,27,19,20,28,27,47,53,16,20,25,25,18,23,20,32,48,32,12,17,21,26,23,15,45,15,5,5,43,25,34,22,19,40,35,19,56,145,89,36,19,30,12,18,23,33,22,68,22,132,18,31,29,38,18,30,17,25
2020-03-06 21:00:00,10,13,18,28,13,22,19,25,5,23,14,18,11,18,20,20,13,28,19,18,26,24,44,53,19,20,25,25,18,23,20,32,48,30,12,17,18,20,21,13,35,12,5,5,42,22,30,22,19,40,55,19,44,130,78,30,21,23,12,12,21,30,15,57,18,115,18,28,24,38,18,30,18,24
2020-03-06 22:00:00,10,13,18,27,12,22,19,25,5,22,14,18,12,17,19,20,12,22,20,17,26,22,43,53,16,20,25,26,18,23,20,32,48,25,11,17,17,21,20,13,29,11,5,4,38,22,26,22,18,40,33,19,44,145,88,36,18,24,12,13,20,34,14,54,18,121,16,30,28,38,18,27,18,22
2020-03-06 04:00:00,8,11,22,24,21,34,24,21,7,22,9,17,12,14,23,20,12,29,18,20,23,25,52,53,13,20,25,27,18,23,20,32,48,22,11,17,20,18,16,12,29,10,4,3,47,25,31,22,19,40,33,19,44,143,86,34,16,24,8,13,19,34,19,61,22,126,17,31,28,38,18,29,15,17
2020-03-06 05:00:00,11,15,22,27,12,35,23,28,6,22,10,19,12,16,19,20,14,25,18,19,27,31,45,53,17,20,25,27,18,23,20,32,48,40,12,17,20,22,24,13,29,17,4,5,52,25,26,22,14,40,33,19,44,140,83,31,17,18,10,12,23,34,19,67,25,118,18,40,28,38,18,26,19,28
2020-03-06 06:00:00,12,18,27,32,18,27,22,35,8,29,17,28,13,20,26,20,21,32,17,30,47,47,57,53,22,20,25,26,18,23,20,32,48,46,13,17,22,23,26,15,35,17,6,6,51,25,30,22,18,40,33,19,44,143,86,32,20,24,14,15,28,34,17,69,24,129,22,43,29,38,18,32,20,29
2020-03-06 07:00:00,15,20,26,39,23,31,28,47,8,33,19,38,14,28,26,20,26,34,21,42,55,59,67,53,27,20,25,32,18,23,20,32,48,75,15,17,25,32,33,18,29,18,8,6,57,28,36,22,21,40,31,19,48,149,93,34,22,22,15,14,31,34,19,75,25,139,23,42,34,38,18,32,23,33
2020-03-06 08:00:00,13,19,25,38,21,31,26,43,8,31,18,31,15,24,26,20,24,31,19,39,44,44,57,53,23,20,25,30,18,23,20,32,48,55,13,17,24,27,30,18,31,17,8,6,52,27,30,22,19,40,41,19,43,172,103,37,18,26,14,13,28,47,25,78,25,134,25,41,41,38,18,34,24,33
2020-03-06 09:00:00,14,19,30,39,22,32,30,37,8,37,20,34,13,26,26,20,21,30,20,39,45,42,58,53,25,20,25,29,18,23,20,32,48,60,14,17,25,30,30,18,29,17,7,6,55,28,33,22,22,40,33,19,55,170,114,55,19,29,16,15,29,36,25,80,26,139,20,45,34,38,18,52,23,31
2020-03-06 09:30:00,15,19,22,38,22,31,30,40,8,37,22,38,15,27,24,20,21,31,20,45,44,41,57,53,25,20,25,29,18,23,20,32,48,66,14,17,25,27,32,18,26,16,7,7,56,28,33,22,21,40,33,19,46,165,104,51,20,31,15,17,29,41,22,78,27,140,23,46,28,38,18,34,23,31
2020-03-07 10:00:00,13,17,17,36,19,29,30,35,7,31,19,23,12,21,22,20,15,29,18,26,37,34,51,53,19,20,25,26,18,23,20,32,48,54,13,17,22,22,25,16,26,15,6,6,44,26,30,22,17,40,38,19,53,143,86,32,19,22,12,15,25,34,17,66,23,125,17,39,29,38,18,32,20,25
2020-03-07 11:00:00,14,18,33,37,22,32,30,37,7,33,19,25,12,24,23,20,18,28,18,23,37,34,51,53,20,20,25,25,18,23,20,32,48,46,12,17,22,22,24,15,31,13,6,5,51,26,33,22,19,40,27,19,44,146,88,36,20,28,13,15,25,36,18,68,24,127,17,36,28,38,18,29,21,26
2020-03-07 12:00:00,14,18,25,37,18,31,26,37,8,31,18,25,13,26,24,20,17,28,19,21,39,36,56,53,20,20,25,27,18,23,20,32,48,43,12,17,23,22,25,17,29,15,6,5,43,26,33,22,20,40,33,19,44,144,90,31,21,22,13,14,24,32,20,70,25,132,18,39,34,38,18,30,21,28
2020-03-07 13:00:00,14,18,21,36,19,28,28,35,8,28,17,23,12,23,23,20,16,27,18,22,37,34,52,53,19,20,25,27,18,23,20,32,48,46,12,17,22,23,24,15,33,14,6,5,48,26,33,22,20,40,62,19,44,147,93,32,21,23,15,15,26,31,22,73,24,128,18,39,36,38,18,34,22,26
2020-03-07 14:00:00,13,17,30,34,18,27,24,33,8,28,18,23,12,21,24,20,17,28,18,22,37,33,51,53,21,20,25,27,18,23,20,32,48,40,12,17,22,23,22,16,49,15,6,5,47,25,31,22,17,40,33,19,73,140,88,32,22,23,12,16,25,30,20,71,25,132,18,40,31,38,18,30,22,27
2020-03-07 15:00:00,12,18,22,33,17,25,24,33,7,33,17,23,12,21,24,20,17,30,17,22,36,30,50,53,20,20,25,26,18,23,20,32,48,40,12,17,20,22,24,15,29,13,6,5,46,23,30,22,19,40,33,19,68,146,90,40,20,27,13,14,28,35,22,73,23,127,18,36,26,38,18,30,21,26
2020-03-07 16:00:00,12,17,29,34,18,28,24,33,9,33,15,23,11,20,30,20,15,31,18,22,36,33,53,53,19,20,25,27,18,23,20,32,48,46,12,17,21,25,25,16,26,15,7,5,49,26,27,22,20,40,35,19,80,155,94,37,23,26,14,15,28,38,26,78,23,129,18,38,32,38,18,27,21,26
2020-03-07 17:00:00,12,18,23,34,19,28,23,35,8,29,18,25,13,22,23,20,18,28,19,21,37,32,50,53,20,20,25,29,18,23,20,32,48,50,13,17,22,23,24,15,31,15,7,5,49,24,34,22,18,40,23,19,74,153,96,37,22,28,12,16,26,35,23,74,24,130,19,37,34,38,18,30,23,28
2020-03-07 18:00:00,12,18,31,34,17,28,22,35,8,29,17,23,12,22,23,20,17,30,19,23,35,33,50,53,21,20,25,29,18,23,20,32,48,40,13,17,20,26,27,17,26,15,7,5,50,27,36,22,19,40,41,19,54,155,94,42,21,32,13,13,26,39,23,74,24,132,17,38,28,38,18,37,22,28
2020-03-07 19:00:00,11,15,27,32,17,25,22,31,8,28,16,20,12,22,24,20,17,29,18,21,32,31,48,53,20,20,25,26,18,23,20,32,48,34,12,17,20,23,22,15,35,15,6,5,42,28,34,22,19,40,26,19,43,158,97,42,22,32,12,15,25,39,20,69,23,127,17,36,31,38,18,37,20,27
2020-03-07 20:00:00,11,14,23,31,18,21,23,28,7,27,16,20,11,19,22,20,12,32,16,20,27,28,46,53,18,20,25,26,18,23,20,32,48,32,12,17,18,22,21,14,35,12,5,5,39,23,30,22,22,40,33,19,36,150,94,31,19,22,12,14,24,34,17,63,21,135,17,33,39,38,18,27,20,23
2020-03-07 21:00:00,11,14,20,28,13,21,17,27,6,23,14,18,12,17,20,20,12,23,18,20,25,24,43,53,18,20,25,25,18,23,20,32,48,29,12,17,18,20,22,13,21,13,5,5,38,25,26,22,19,40,33,19,42,137,81,25,15,19,12,12,23,34,17,59,18,112,15,30,31,38,18,23,19,25
2020-03-07 04:00:00,11,17,22,30,14,18,12,24,7,15,9,12,12,15,23,20,16,27,18,14,25,21,34,53,20,20,25,27,18,23,20,32,48,21,11,17,15,23,15,9,29,10,3,4,47,25,31,22,19,40,33,19,44,143,86,34,17,24,12,10,21,34,19,61,19,122,12,27,28,38,18,29,18,17
2020-03-07 05:00:00,8,12,15,24,11,20,19,21,5,21,12,13,12,15,23,20,16,25,18,15,23,20,52,53,20,20,25,27,18,23,20,32,48,24,11,17,14,23,16,9,29,10,3,4,37,25,20,22,16,40,33,19,44,143,86,34,17,24,9,9,25,34,14,57,15,117,12,23,28,38,18,29,16,19
2020-03-07 06:00:00,10,14,22,26,12,26,23,23,6,25,12,17,12,16,20,20,12,24,15,16,30,27,48,53,15,20,25,22,18,23,20,32,48,28,11,17,19,19,16,11,29,11,6,4,39,18,30,22,16,40,26,19,43,132,76,24,14,15,12,11,25,33,17,58,13,110,13,23,28,38,18,29,17,19
2020-03-07 07:00:00,9,14,18,27,14,22,19,29,7,21,12,19,10,16,23,20,13,26,15,18,35,30,49,53,18,20,25,22,18,23,20,32,48,28,11,17,17,21,18,12,29,12,5,5,46,22,26,22,19,40,33,19,44,142,86,36,16,24,12,11,22,34,29,70,19,117,16,32,26,38,18,32,17,20
2020-03-07 08:00:00,11,15,21,29,15,22,22,28,6,25,14,19,12,18,21,20,15,26,17,18,34,29,47,53,20,20,25,22,18,23,20,32,48,33,12,17,18,22,22,13,33,13,6,5,45,23,27,22,17,40,33,19,49,150,93,40,18,30,12,12,25,35,17,64,20,121,17,31,29,38,18,29,19,23
2020-03-07 09:00:00,10,15,29,32,16,25,24,31,5,27,15,23,12,19,20,20,15,27,18,22,38,33,51,53,19,20,25,26,18,23,20,32,48,40,12,17,20,22,22,15,22,14,6,5,44,24,28,22,19,40,33,19,46,168,112,55,17,26,12,13,25,36,20,68,22,121,16,35,32,38,18,34,19,22
2020-03-07 09:30:00,12,16,21,34,18,27,26,35,7,31,17,25,12,21,21,20,16,30,19,28,38,35,50,53,20,20,25,27,18,23,20,32,48,46,12,17,21,22,24,16,24,15,6,6,44,26,28,22,19,40,33,19,44,148,93,36,18,23,12,14,25,33,17,66,23,128,16,37,32,38,18,30,19,24
2020-03-08 10:00:00,12,15,22,29,14,24,21,28,7,27,15,19,12,20,21,20,15,29,17,21,35,32,49,53,19,20,25,25,18,23,20,32,48,33,12,17,17,22,22,15,24,13,6,5,45,28,30,22,17,40,35,19,42,146,82,30,16,24,12,12,23,41,19,65,22,119,16,36,28,38,18,37,19,21
2020-03-08 11:00:00,12,15,26,31,15,22,19,29,7,25,15,20,10,22,26,20,14,28,16,19,34,34,50,53,19,20,25,25,18,23,20,32,48,33,12,17,21,22,20,16,26,13,6,5,46,26,34,22,19,40,33,19,53,155,98,37,22,24,12,16,23,35,19,67,24,128,15,35,36,38,18,30,19,24
2020-03-08 12:00:00,12,18,25,35,15,30,24,29,8,29,16,20,11,24,29,20,14,29,18,21,35,37,51,53,16,20,25,23,18,23,20,32,48,30,12,17,20,21,22,14,24,13,6,5,45,31,33,22,18,40,33,19,50,147,91,36,21,27,12,15,25,34,18,67,23,137,17,35,31,38,18,32,18,24
2020-03-08 13:00:00,13,18,23,34,16,24,26,29,8,29,14,20,10,24,30,20,15,32,16,21,37,33,51,53,20,20,25,25,18,23,20,32,48,32,12,17,21,22,22,14,22,14,6,5,49,30,30,22,19,40,45,19,73,143,86,34,21,25,14,19,25,34,19,68,22,138,17,33,28,38,18,30,19,27
2020-03-08 14:00:00,12,15,28,32,15,24,22,31,8,28,17,22,12,21,26,20,15,33,19,21,37,33,53,53,18,20,25,25,18,23,20,32,48,35,12,17,22,22,22,16,41,13,6,5,46,30,33,22,22,40,31,19,68,144,91,37,16,26,14,15,26,31,17,69,24,126,17,37,29,38,18,30,20,26
2020-03-08 15:00:00,12,17,24,32,18,24,22,31,7,29,17,22,12,22,24,20,15,29,19,24,36,33,53,53,19,20,25,29,18,23,20,32,48,34,12,17,20,23,22,15,49,14,7,5,48,24,30,22,19,40,29,19,44,142,86,32,20,25,12,13,24,33,17,63,22,125,17,38,29,38,18,29,21,23
2020-03-08 16:00:00,12,16,21,33,16,28,22,33,7,24,17,20,12,21,27,20,17,28,18,20,36,32,49,53,20,20,25,27,18,23,20,32,48,32,12,17,21,25,23,15,24,13,7,5,49,27,34,22,20,40,33,19,80,136,84,32,19,27,12,14,25,30,19,66,20,117,17,34,27,38,18,27,21,24
2020-03-08 18:00:00,11,15,25,32,16,27,22,31,7,29,17,22,12,22,24,20,15,31,20,21,34,32,53,53,21,20,25,29,18,23,20,32,48,35,12,17,25,25,25,15,29,13,7,5,53,30,31,22,22,40,35,19,50,154,96,36,23,26,15,19,26,36,23,74,24,126,18,37,36,38,18,34,21,24
2020-03-08 20:00:00,12,15,31,31,15,25,19,29,6,27,16,18,12,22,26,20,15,29,18,21,31,29,45,53,18,20,25,25,18,23,20,32,48,29,12,17,18,25,22,13,26,12,6,5,40,27,30,22,26,40,45,19,45,161,97,42,19,26,13,12,26,42,25,74,22,126,16,33,31,38,18,37,19,25
2020-03-08 21:00:00,9,12,22,26,13,24,21,25,7,29,15,17,12,21,27,20,12,27,16,19,29,31,39,53,14,20,25,23,18,23,20,32,48,24,11,17,19,30,20,14,29,12,6,5,51,22,30,22,20,40,55,19,45,185,129,42,23,23,11,15,24,35,19,64,19,150,15,29,62,38,18,27,16,22
2020-03-08 04:00:00,8,12,17,25,10,16,15,21,6,16,10,9,12,11,21,20,16,19,18,13,19,19,52,53,20,20,25,27,18,23,20,32,48,21,11,17,13,23,16,9,29,10,4,4,47,30,31,22,14,40,33,19,43,132,75,25,16,24,8,9,14,34,19,49,13,118,13,22,26,38,18,19,14,16
2020-03-08 05:00:00,9,15,22,24,11,26,24,20,7,20,10,14,8,14,30,20,16,53,12,14,22,23,47,53,14,20,25,27,18,23,20,32,48,19,11,17,14,23,16,11,29,9,6,4,47,26,31,22,14,40,33,19,44,143,86,34,19,24,9,13,20,34,19,59,18,122,13,27,28,38,18,29,17,22
2020-03-08 06:00:00,9,13,22,24,11,18,16,23,7,27,10,15,12,13,23,20,16,29,13,14,27,23,43,53,20,20,25,19,18,23,20,32,48,17,11,17,14,23,16,11,29,10,4,4,47,17,31,22,13,40,33,19,44,143,86,34,19,24,8,13,21,34,19,58,16,121,12,24,28,38,18,29,13,17
2020-03-08 07:00:00,8,12,22,23,11,19,14,22,5,25,11,16,8,12,16,20,12,23,14,15,29,23,43,53,12,20,25,22,18,23,20,32,48,24,12,17,16,16,20,12,13,12,5,5,39,20,25,22,18,40,33,19,43,133,77,24,18,18,11,9,23,33,19,60,16,108,13,30,28,38,18,18,18,17
2020-03-08 08:00:00,9,12,22,24,11,22,16,21,7,16,12,16,10,15,23,20,11,26,16,16,32,25,44,53,16,20,25,21,18,23,20,32,48,27,12,17,18,20,22,13,29,12,6,5,37,20,27,22,15,40,33,19,43,130,73,25,16,24,10,12,23,34,18,59,16,126,15,27,24,38,18,20,21,18
2020-03-08 09:00:00,10,14,20,27,12,20,18,23,7,23,14,19,12,16,23,20,13,34,17,19,32,26,46,53,16,20,25,23,18,23,20,32,48,26,11,17,16,21,19,14,29,12,6,5,45,24,28,22,18,40,41,19,50,150,74,25,17,25,12,11,24,53,19,64,20,121,17,33,24,38,18,27,19,23
2020-03-08 09:30:00,11,15,24,27,13,20,22,28,6,24,14,19,12,19,21,20,13,37,18,21,32,29,46,53,17,20,25,25,18,23,20,32,48,31,12,17,17,22,21,14,35,13,6,5,39,26,28,22,16,40,41,19,46,158,87,37,16,27,12,9,25,50,17,63,20,122,15,36,24,38,18,37,20,22
